{
    "rand_acc": [
        0.31158011,
        0.53318537,
        0.46399099,
        0.50126034,
        0.43850888,
        0.63446195,
        0.61235402,
        0.65163727,
        0.7086465,
        0.72120106,
        0.80946513,
        0.84461269,
        0.89737263,
        0.84797048,
        0.90654905,
        0.92312942,
        0.96760645,
        0.97950529,
        0.96876986,
        0.99521762,
        0.99809515
    ],
    "rand_irt": [
        0.4817817,
        0.4137618,
        0.545971,
        0.57826633,
        0.62031243,
        0.55148908,
        0.68200312,
        0.7111384,
        0.73842074,
        0.7134285,
        0.84646398,
        0.82789174,
        0.94737142,
        0.94493444,
        0.9808713,
        0.97494001,
        0.99704148,
        0.98666888,
        0.99397264,
        0.99847225,
        0.99847225
    ],
    "adaptive": [
        0.68740525,
        0.650745151,
        0.70779735,
        0.74932424,
        0.79171459,
        0.80334339,
        0.82461001,
        0.8458227,
        0.85668299,
        0.8967563,
        0.9161409,
        0.93469175,
        0.95188935,
        0.987427,
        0.991496,
        0.98398475,
        0.98480935,
        0.99301934,
        0.9984547,
        1.0,
        1.0
    ]
}